Invoice_ID,Date,Customer_Type,Gender,Product_Category,Unit_Price,Quantity,Payment_Method,City,Total_Sales,Rating
INV001,2026-01-05,Member,Female,Electronics,45000,1,UPI,Dahod,45000,5
INV002,2026-01-06,Normal,Male,Clothing,1200,3,Cash,Ahmedabad,3600,4
INV003,2026-01-08,Member,Male,Groceries,850,5,UPI,Vadodara,4250,4
INV004,2026-01-10,Normal,Female,Beauty,750,2,Card,Dahod,1500,5
INV005,2026-01-12,Member,Female,Electronics,32000,1,UPI,Ahmedabad,32000,4
INV006,2026-01-15,Normal,Male,Clothing,1800,2,Cash,Vadodara,3600,3
INV007,2026-01-18,Member,Male,Groceries,500,8,UPI,Dahod,4000,4
INV008,2026-01-20,Normal,Female,Beauty,950,3,Card,Ahmedabad,2850,5
INV009,2026-01-22,Member,Female,Electronics,28000,1,Card,Vadodara,28000,4
INV010,2026-01-25,Normal,Male,Clothing,2200,4,UPI,Dahod,8800,4
INV011,2026-02-02,Member,Female,Groceries,650,6,Cash,Ahmedabad,3900,3
INV012,2026-02-05,Normal,Male,Electronics,55000,1,Card,Vadodara,55000,5
INV013,2026-02-08,Member,Female,Beauty,1100,2,UPI,Dahod,2200,4
INV014,2026-02-12,Normal,Male,Clothing,1500,3,Cash,Ahmedabad,4500,4
INV015,2026-02-15,Member,Male,Groceries,900,5,UPI,Vadodara,4500,5
INV016,2026-02-18,Normal,Female,Electronics,40000,1,Card,Dahod,40000,4
INV017,2026-02-20,Member,Female,Clothing,2500,2,UPI,Ahmedabad,5000,5
INV018,2026-02-22,Normal,Male,Beauty,800,4,Cash,Vadodara,3200,3
INV019,2026-02-25,Member,Female,Groceries,700,7,UPI,Dahod,4900,4
INV020,2026-02-28,Normal,Male,Electronics,30000,1,Card,Ahmedabad,30000,5
INV021,2026-03-03,Member,Female,Clothing,1900,3,UPI,Vadodara,5700,4
INV022,2026-03-05,Normal,Male,Groceries,600,6,Cash,Dahod,3600,3
INV023,2026-03-08,Member,Male,Electronics,48000,1,Card,Ahmedabad,48000,5
INV024,2026-03-10,Normal,Female,Beauty,1250,2,UPI,Vadodara,2500,4
INV025,2026-03-12,Member,Female,Clothing,2100,4,Cash,Dahod,8400,5
INV026,2026-03-15,Normal,Male,Groceries,750,5,UPI,Ahmedabad,3750,4
INV027,2026-03-18,Member,Female,Electronics,36000,1,Card,Vadodara,36000,4
INV028,2026-03-20,Normal,Male,Beauty,900,3,Cash,Dahod,2700,3
INV029,2026-03-23,Member,Male,Clothing,1600,5,UPI,Ahmedabad,8000,5
INV030,2026-03-25,Normal,Female,Groceries,550,8,Card,Vadodara,4400,4